nhigeatuyozlbkxmwrpfqdscjv,TRUE
vdtihcpejkabzmnolsgyfrquxw,TRUE
yzgmptrcbqiewvkuxjsnfaodlh,TRUE
lgnrtyopeadkvmuqjzxhbfcwsi,TRUE
ygrtzauhfdolmeckvqsibnpwjx,TRUE
kbxsuvjqaphlrcfwdezynotmig,TRUE
uinobhxeyaflwksrcjtvdqgzmp,TRUE
vdepcgtksfbrxhymjqawzoinul,TRUE
srepvkdhfmbjcowqaziutlyngx,TRUE
vyoefxgpmrtuahbkiwqzlncsjd,TRUE
rhndwqfulyiegcbojzxvmpksta,TRUE
vzlxnoatqecwsbfdrpjyghmuik,TRUE
demxuvpabnqltrjifyskwcozgh,TRUE
liofqxmytrduzejgwpncavskhb,TRUE
bdrnqvwaypkfjcglzomuetsixh,TRUE
rzdkxsjeaoyvtfcwmgiqhpubnl,TRUE
upoalmkzbcyqfitxjrnhsevwdg,TRUE
jlsfucivgmqnhbraxkypoewtzd,TRUE
jvzgiklpyeoabmxruwdsncftqh,TRUE
gjtlxkzdmqcpwusboeynfirhva,TRUE
mtzrwofjxkquybpdciahelsgvn,TRUE
ktdnrzhymgjqfwisbuvclpxoea,TRUE
doqhvisplmebkrunjctywzgaxf,TRUE
wpscqfxyzmjbnguerkoildahvt,TRUE
qkdblnyhrpfmuacozteisjwvgx,TRUE
gwyneumjblcxrvoptafhkzdsiq,TRUE
dkypaqlnztwjrsbfougheivxcm,TRUE
tkfewropzvsbqihndjcuyaxmgl,TRUE
uasdozxnyiqmbvktflhewjprgc,TRUE
qvuxlwcrgempsynbdohzkifjta,TRUE
tghvyknaumpefxdjqrciowlsbz,TRUE
tevqhfjnwikblaozgrxpymusdc,TRUE
xwcqiljefouvkszdrpnabythmg,TRUE
bfzteacijgpwnhqysvxlrmdoku,TRUE
aefxlyviorzcjkumwhgpbqndts,TRUE
szdpoiuakgyhwqxcflbtnrjemv,TRUE
hbkinjtgfclazeoyxrpqvdsmuw,TRUE
pjqbaifmlhcyvnetdouzwxksgr,TRUE
gyknjeovbfmdwtzxciuahrpsql,TRUE
byjtwvcumazhnipogsdrkfqelx,TRUE
ypdakmvcsnoleurihtwxqfzbjg,TRUE
qjfliztvgxhbaycsnwerkpomud,TRUE
jnxdzaqfcgoeruyihbkmstlvwp,TRUE
zwpidufvqyckrbxhgjntlesmao,TRUE
ryopdhxncblkamzjwgfseuitqv,TRUE
uzbjykpsfhroxelqcndtwvigam,TRUE
swoljtkhxzaeinfqpuydvmbrgc,TRUE
lztmhxdgkbrofapcesqyiuwvjn,TRUE
sjmfwheauixvzqonygcbrptkld,TRUE
srnutmelbqijpckdfgwavyzhxo,TRUE
gomyxtznplifkrqcsduevabwhj,TRUE
hdfpmbugxcojizqwrsyavneltk,TRUE
uwclnipygsrmdvaxfbkqoejhzt,TRUE
jmbicageohqxstnpfzywrudlkv,TRUE
xcigajsfvyntzmdqhokupwebrl,TRUE
ajrtgvuexolysqwmfhpikbdczn,TRUE
sarviczldkgnebtjpwmoyqfxhu,TRUE
bjprwuxsylmoghncdeqafzvkti,TRUE
vwhqsyfocdjxetamrugizklpbn,TRUE
tdbxcjysfeigmhnrlqkapvuowz,TRUE
jqpmoxidgefwatkclnhrsyvuzb,TRUE
ktyhfxobniaeqvudpcmszwjrgl,TRUE
aptzjclxvworymgbsnfkiqduhe,TRUE
ymrjvbuqldsoawzncxkifpgthe,TRUE
pywinhxdqaobstmvguzjfklcre,TRUE
xjqyhcpbekozswadiunfgtrlvm,TRUE
upcenjmzorqxgwtyfbidlhvsak,TRUE
lndhyjovizcbmqwftgrsuxeapk,TRUE
rqpuntovszalyxebgwhcfikmjd,TRUE
bztlwrxisuogahvnfmydckpejq,TRUE
gnafxhwvcloudpmierzbkqsjyt,TRUE
yaidjzhmlntgqkxobecpfrvuws,TRUE
rvhzujfcnymbxkqisdpgwtoale,TRUE
cgjdzipufsnbaeyorhqtwvxmkl,TRUE
dkmliuhonrwcxbfgvaespzjqyt,TRUE
gkbtxpecjnwosqylrizfuvmhda,TRUE
saujgvnhifzbxmtopcwykqrlde,TRUE
wrtmnacyxidbfhjsgupvzokelq,TRUE
lutshrwnfvqpzjkyieacombgxd,TRUE
qltiwpkdrjunxsfgyebavhzcom,TRUE
dgwybirvjohnxeutsqmlzkcafp,TRUE
vxauintwlchmrfsjoqpkedgbzy,TRUE
aeishvrnxpwobyfukjldqgztmc,TRUE
sdezharugmnxjiktovwpyclqfb,TRUE
hjwuvpnbktmyqfcgasdoxzreli,TRUE
jygvsucfwpdaolbhzqmnertxki,TRUE
adxqioupmcftskbvlrgwnyzhje,TRUE
rtldmsihnopbvyjaxqkugecfwz,TRUE
fyjgmlkcqrvadenuxzhswobpit,TRUE
xrwoeblvjstcqfpuhzayndmikg,TRUE
axikvswunhfgzjcelbrqopmtdy,TRUE
fhqzupavcrymjosxwedtkgnlbi,TRUE
rfuvoytazilbnswxcpqkjhdmge,TRUE
hjtiwcmlgsxudpazqkbveoyrfn,TRUE
fltkxewqmozijvnpbrhucadgys,TRUE
ipnrtlgkbmzwaojdefvscuyxqh,TRUE
wsuadgkjimyorleqtnpxhcvfzb,TRUE
tlodzgqcnuxfbeyhjksawmrpiv,TRUE
kstjboxqwinaydczgeuvfhrplm,TRUE
ogflhexcbzksmdjypwrnquiavt,TRUE
ofhgajmhxyvlkhetgqtnwzxtlf,FALSE
fsgqecmuiyecllwmvvqqfodzbg,FALSE
eikykvhvxqxjfhipwahrbnfiuc,FALSE
fhcesoniuqeecfnudtdjwygxcp,FALSE
aflvhojhrhlmfbrszkttvbubsi,FALSE
iajayrerwlmcgmthmisewojabd,FALSE
kpqsrzciypbnywnrilklobhhpy,FALSE
hdwdoxvasczoprcneldsmwybly,FALSE
ttgpqebguhrqffcbeppodgxhik,FALSE
jotmqwhosqdulbkeboqrfjstjd,FALSE
yfzraambywgfbjqathsthxhlxs,FALSE
tzjbdskknyvlocqqaulgaozooz,FALSE
bdvgkizvykirchvwiifmaitntl,FALSE
ahsxssysuqvcraeaphfzudwppk,FALSE
lcclwodgrezlfsoyzgqcslqmwh,FALSE
imzhbwdphconjvxmbiwpaxlyly,FALSE
inxhkmfqqkxwzgyebisniyntri,FALSE
iyunmatkcphahjzoddzxdfryey,FALSE
tlslvbchxsjrproatdkzqdwcfd,FALSE
ejtrhgajslcztgvjgrjlrklbfe,FALSE
zlnrpdmxfeylhstqrirusjqvzm,FALSE
mlrcszsvieydfxksmaaiitaypw,FALSE
obkxrtwonqrvbqraumzhgmyhhz,FALSE
isprdszcavzhixqvhnnlvbzzpu,FALSE
ajnvptuulmtyrozryhmbnwaaju,FALSE
hmbzvncztmxxyworcirohurtvr,FALSE
dapasfehuwwbidiyclwytmrrix,FALSE
lbyucyjfwcidvbxrcqmzawyltc,FALSE
eyvhgcunyycmhxdjryptokkofd,FALSE
yryyfcqrwnprhpkhtggekxxfzo,FALSE
ggnmjygplbwvtsziemyjaeglno,FALSE
wkgcswfbxxagpxewbtlcgevixl,FALSE
lfxjujcbzlppjstntdepqxibwj,FALSE
oixcsiwftqzkdjmsmweamwdeuk,FALSE
cfuwpkhlvpifcwuhqdzkmmsuqd,FALSE
kqxezqeihalaauemqicxsiskii,FALSE
ykvmrrfellfwdpmmfspytnedqr,FALSE
eptqcduvjvrifeznujoiqjkgnx,FALSE
bkirqnkzlvjdkvkybcsvmfizzf,FALSE
wqdqmhytvgxazkjqxknrbaztbl,FALSE
dhlsohlncfeijbhfljvandtexa,FALSE
xaysbgywbgkamooataouonmavd,FALSE
thmpbyanjybranaqhkjxlmjmmr,FALSE
xejrpcmyyzqanqftqybfdtlqgy,FALSE
hdobipwyuemdwrhyqtsrdvlods,FALSE
ylwhppbuvixkuznrmqglbmfeco,FALSE
wtcjcsbowbrgjtbfxjxwyrtyzn,FALSE
arqcnhqninogfqbiwnhoaatfzp,FALSE
ccanjbsgcekluijgbcjiuxojje,FALSE
fipovfcvzesqbsousguemfnqnu,FALSE
gezuhbzjvtnvuoegeawmlcmmvm,FALSE
bkymndtyqpfxwnkfyajasroird,FALSE
rbbgdcuenxvzowbhcpssqgvdyi,FALSE
jszvstoqtrgfdjvimefyppofbe,FALSE
bmoioaffjhqypfdkkhjhnytpwa,FALSE
yjytzndgadvpuhdfozhnxewlwv,FALSE
eunxezaamsfpnciwxacrmwetfi,FALSE
tsgeikqqbfsrcmbrlopatepvwt,FALSE
lfwlinuctrgbaatglzehkmlfrq,FALSE
ppgjehkbxhpucnobgnsnmjliop,FALSE
mdmwqdkhdlmuhdjhmgbjixuvpu,FALSE
hzcwydzmwqvalttcwxvxnpllqb,FALSE
dhwaqlmgvrntwmyfgnfotqwufw,FALSE
bavbqyyuffuzztxntgkydpaxtk,FALSE
btdlnykopxkhjmxbxtskeopiyk,FALSE
poenpqmopvlbdaokeipfesxtuy,FALSE
lctspmqxuhlpijdkpnbgxdiwmr,FALSE
kgnuinsbdhumxzxhpujngbiwbo,FALSE
cajjmtbushlhthsiqnxwuaaxde,FALSE
wjyjtodzeeeshxstpuijocqytb,FALSE
dkxuvxpawgbxgtazvhmkockrdq,FALSE
nscbtnpbpemzywowsdrwvfnykk,FALSE
rqqsggjdhlchajyzircbuoodrl,FALSE
seaisldzxpddngwieypdabuinh,FALSE
flbhtaemxnvxaystfswdcdvtkd,FALSE
pjflykdttnqpuawzfjijvipywx,FALSE
lrtdgvixsicinaqxcomfivslqr,FALSE
ywwxiwneunyoaspkblmfxpfmvc,FALSE
xtutrnoxeskflzbqxevxbqixix,FALSE
bpojphpohjuisuvjlozcubnbjx,FALSE
mtwysdplrkwhwrrmpjcmqfpmpy,FALSE
vilrbtmvhpnycxabiiuhpvrsek,FALSE
swmjxkvprrojhigmskrflmzqxm,FALSE
evkduhzsiastxwiplzgtzgqill,FALSE
trqsjtmjbeqvnaueeyevwjogfi,FALSE
sfwjjxksotdoroieidddpsxjuo,FALSE
hslbrxsjfinkigjveshsoshkwt,FALSE
nchnavsudelisjgtcnblnpbqag,FALSE
hjrljtefsspmagjlptekljighw,FALSE
duqklxcqodkmslgkkmwpuooouo,FALSE
xpinvxpyvysihahvoxkfavxetg,FALSE
hghrxnemsfhspcwfqsxeyaalic,FALSE
vyafvzxiwfiuxfpslljkdktonl,FALSE
mljlkqjppkuyrgckrlezatsogz,FALSE
pmbpbsliwiyxdibpymfpyichbp,FALSE
oedjbgxkpidgnboemobvvdyyal,FALSE
uhpdrsxkfbxuphynrnvatvojnt,FALSE
vyzylacnvkjurscphvmatsyzwo,FALSE
mqatblpkpvoakwyzebgorswvwq,FALSE
akxkguxgmfueokudebikrozsma,FALSE
